intersect_ulid,intersectable_type,intersectable_id,created_at,updated_at
01h2vz71kt7scf1q8fhr4brcyx,App\Models\Flight,01h2vz6vmfm6pg5n506ztjbp9q,,
01h2vz71kt7scf1q8fhr4brcyx,App\Models\Flight\Path,01h2vz6vmv4mm71hp0nmngfath,,
01h2vz71kt7scf1q8fhr4brcyx,App\Models\Flight,01h2vz6vr5ggndg6t08mg5scs7,,
01h2vz71kt7scf1q8fhr4brcyx,App\Models\Flight\Path,01h2vz6vr9j6qt943eap4v9918,,
01h2vz71kt7scf1q8fhr4brcyx,App\Models\Flight\Log,01h2vz6x323035sg39db20wp2y,,
01h2vz71kt7scf1q8fhr4brcyx,App\Models\Flight\Log,01h2vz6yks00sf5nfhy2y69axw,,
01h2vz71m5aefj74qs7fzvr7ta,App\Models\Flight,01h2vz6vp3y71es5yz0fw2kk9c,,
01h2vz71m5aefj74qs7fzvr7ta,App\Models\Flight\Path,01h2vz6vp8hx098a12h71kg2dp,,
01h2vz71m5aefj74qs7fzvr7ta,App\Models\Flight,01h2vz6vskg1059j523fzkg709,,
01h2vz71m5aefj74qs7fzvr7ta,App\Models\Flight\Path,01h2vz6vszyyrzrhp9zq65gysd,,
01h2vz71m5aefj74qs7fzvr7ta,App\Models\Flight\Log,01h2vz6xz3yr20a1ghe99kgrn7,,
01h2vz71m5aefj74qs7fzvr7ta,App\Models\Flight\Log,01h2vz6z9vqg32pmsx5w6jx6bw,,
01h2vz71mdmpffr5daww7vp2xm,App\Models\Flight,01h2vz6vpwkbzderf2zz0qgy86,,
01h2vz71mdmpffr5daww7vp2xm,App\Models\Flight\Path,01h2vz6vq2kp0h06f1w7defwyc,,
01h2vz71mdmpffr5daww7vp2xm,App\Models\Flight,01h2vz6vskg1059j523fzkg709,,
01h2vz71mdmpffr5daww7vp2xm,App\Models\Flight\Path,01h2vz6vsy5kjq2k8zzgvgfxwd,,
01h2vz71mdmpffr5daww7vp2xm,App\Models\Flight\Log,01h2vz6y0zxbhhpbpzbrnrnhb8,,
01h2vz71mdmpffr5daww7vp2xm,App\Models\Flight\Log,01h2vz6z52hsd75xfp1jvmj5yg,,
01h2vz71megcghhs46dkx47vja,App\Models\Flight,01h2vz6vp3y71es5yz0fw2kk9c,,
01h2vz71megcghhs46dkx47vja,App\Models\Flight\Path,01h2vz6vp8hx098a12h71kg2dp,,
01h2vz71megcghhs46dkx47vja,App\Models\Flight,01h2vz6vskg1059j523fzkg709,,
01h2vz71megcghhs46dkx47vja,App\Models\Flight\Path,01h2vz6vszyyrzrhp9zq65gysd,,
01h2vz71megcghhs46dkx47vja,App\Models\Flight\Log,01h2vz6xz4camsf1nvdbpy2hfg,,
01h2vz71megcghhs46dkx47vja,App\Models\Flight\Log,01h2vz6z9tckkk56n1cfecmyy0,,
01h2vz71mpd61zttxw773qcr0a,App\Models\Flight,01h2vz6vq70ra5kt9eqg3tfrtf,,
01h2vz71mpd61zttxw773qcr0a,App\Models\Flight\Path,01h2vz6vqcwetz3cvqmmn01gv1,,
01h2vz71mpd61zttxw773qcr0a,App\Models\Flight,01h2vz6vskg1059j523fzkg709,,
01h2vz71mpd61zttxw773qcr0a,App\Models\Flight\Path,01h2vz6vszyyrzrhp9zq65gysd,,
01h2vz71mpd61zttxw773qcr0a,App\Models\Flight\Log,01h2vz6yajcm0kgnm2j5rws7gc,,
01h2vz71mpd61zttxw773qcr0a,App\Models\Flight\Log,01h2vz6zafmp7ew66zrf0v1tnc,,
01h2vz71myw5fm9h09g23j2dxg,App\Models\Flight,01h2vz6vs4egf8bqxmbpngka5a,,
01h2vz71myw5fm9h09g23j2dxg,App\Models\Flight\Path,01h2vz6vs7r5n1mhqfq2xp073f,,
01h2vz71myw5fm9h09g23j2dxg,App\Models\Flight,01h2vz6vsb8bmxp2931sgpgbep,,
01h2vz71myw5fm9h09g23j2dxg,App\Models\Flight\Path,01h2vz6vsdr51f65b42vrp47r3,,
01h2vz71myw5fm9h09g23j2dxg,App\Models\Flight\Log,01h2vz6ytkjyx4f2j18q6tvq99,,
01h2vz71myw5fm9h09g23j2dxg,App\Models\Flight\Log,01h2vz6yv9cps4px9nc9g0sxnf,,
01h2vz71n2zv1dwkeeyaj3s0js,App\Models\Flight,01h2vz6vs4egf8bqxmbpngka5a,,
01h2vz71n2zv1dwkeeyaj3s0js,App\Models\Flight\Path,01h2vz6vs7r5n1mhqfq2xp073f,,
01h2vz71n2zv1dwkeeyaj3s0js,App\Models\Flight,01h2vz6vsb8bmxp2931sgpgbep,,
01h2vz71n2zv1dwkeeyaj3s0js,App\Models\Flight\Path,01h2vz6vsdr51f65b42vrp47r3,,
01h2vz71n2zv1dwkeeyaj3s0js,App\Models\Flight\Log,01h2vz6ytm83crqf2jn4fmw6fd,,
01h2vz71n2zv1dwkeeyaj3s0js,App\Models\Flight\Log,01h2vz6yva3nqaanyrang2sfxj,,
