ulid,flight_id,sequence,position,altitude,speed,meta,created_at,updated_at
01h2vz6vmh9mnm5esmt43mcer8,01h2vz6vmfm6pg5n506ztjbp9q,1,0x0000000001010000008B11AEB8F6325C40670A9F5F3D1E1DC0,56,15,"{""alt"": 56, ""lat"": -7.279530996400915, ""lng"": 112.79630867957373, ""time"": {""unit"": ""second"", ""value"": 0}, ""distance"": {""unit"": ""meter"", ""value"": 0}}",2023-06-14 03:29:24,2023-06-14 03:29:25
01h2vz6vmrf4vnvby8jg5pnpfw,01h2vz6vmfm6pg5n506ztjbp9q,2,0x000000000101000000DF7733A7E7325C4057D44482561E1DC0,58,15,"{""alt"": 58, ""lat"": -7.279626880122201, ""lng"": 112.79538898493102, ""time"": {""unit"": ""second"", ""value"": 24.480000026809034}, ""distance"": {""unit"": ""meter"", ""value"": 102.00000011170432}}",2023-06-14 03:29:24,2023-06-14 03:29:25
01h2vz6vms2q6yvzckwcavh24s,01h2vz6vmfm6pg5n506ztjbp9q,3,0x0000000001010000005751FF63DE325C40A0A56B78D51F1DC0,50,15,"{""alt"": 50, ""lat"": -7.281087762422833, ""lng"": 112.79482364591468, ""time"": {""unit"": ""second"", ""value"": 41.760000034055295}, ""distance"": {""unit"": ""meter"", ""value"": 174.00000014189706}}",2023-06-14 03:29:24,2023-06-14 03:29:25
01h2vz6vms2q6yvzckwcavh24t,01h2vz6vmfm6pg5n506ztjbp9q,4,0x00000000010100000084EA2983EB325C400BD25EE848201DC0,53,15,"{""alt"": 53, ""lat"": -7.281528120791849, ""lng"": 112.79562453358524, ""time"": {""unit"": ""second"", ""value"": 24.240000218657052}, ""distance"": {""unit"": ""meter"", ""value"": 101.00000091107106}}",2023-06-14 03:29:24,2023-06-14 03:29:25
01h2vz6vmty1dwacy8v7ybf2g8,01h2vz6vmfm6pg5n506ztjbp9q,5,0x000000000101000000E7837BCDEB325C40BF061AD9CC201DC0,55,15,"{""alt"": 55, ""lat"": -7.282031433309056, ""lng"": 112.7956422525626, ""time"": {""unit"": ""second"", ""value"": 13.439999995614045}, ""distance"": {""unit"": ""meter"", ""value"": 55.99999998172519}}",2023-06-14 03:29:24,2023-06-14 03:29:25
01h2vz6vmv4mm71hp0nmngfath,01h2vz6vmfm6pg5n506ztjbp9q,6,0x000000000101000000720798F510335C403B2D1ED434211DC0,60,15,"{""alt"": 60, ""lat"": -7.282428087560504, ""lng"": 112.79791011664364, ""time"": {""unit"": ""second"", ""value"": 60.95999997110257}, ""distance"": {""unit"": ""meter"", ""value"": 253.99999987959404}}",2023-06-14 03:29:24,2023-06-14 03:29:25
01h2vz6vmwd8vs9twgxncxq4t8,01h2vz6vmfm6pg5n506ztjbp9q,7,0x000000000101000000B1B766D81F335C409DFF1507C91F1DC0,56,15,"{""alt"": 56, ""lat"": -7.281040297238976, ""lng"": 112.79881868391912, ""time"": {""unit"": ""second"", ""value"": 44.1600000651689}, ""distance"": {""unit"": ""meter"", ""value"": 184.0000002715371}}",2023-06-14 03:29:24,2023-06-14 03:29:25
01h2vz6vmxwqdzfjnm2p9jsn2m,01h2vz6vmfm6pg5n506ztjbp9q,8,0x000000000101000000969E6628FC325C403DDEE79AD81E1DC0,50,15,"{""alt"": 50, ""lat"": -7.280123157884734, ""lng"": 112.7966404916878, ""time"": {""unit"": ""second"", ""value"": 62.639999968540536}, ""distance"": {""unit"": ""meter"", ""value"": 260.9999998689189}}",2023-06-14 03:29:24,2023-06-14 03:29:25
01h2vz6vmxwqdzfjnm2p9jsn2n,01h2vz6vmfm6pg5n506ztjbp9q,9,0x000000000101000000E4EA3078F2325C40F33D8C7416211DC0,55,15,"{""alt"": 55, ""lat"": -7.2823122225377, ""lng"": 112.79604916360304, ""time"": {""unit"": ""second"", ""value"": 60.48000003661296}, ""distance"": {""unit"": ""meter"", ""value"": 252.00000015255404}}",2023-06-14 03:29:24,2023-06-14 03:29:25
01h2vz6vmywa7g2nb8dszwx68m,01h2vz6vmfm6pg5n506ztjbp9q,10,0x00000000010100000075EE595915335C409709DE6E8C201DC0,60,15,"{""alt"": 60, ""lat"": -7.281785709669211, ""lng"": 112.79817804128612, ""time"": {""unit"": ""second"", ""value"": 58.08000017696427}, ""distance"": {""unit"": ""meter"", ""value"": 242.00000073735117}}",2023-06-14 03:29:24,2023-06-14 03:29:25
01h2vz6vmzp9ym57g8v8v9ghsn,01h2vz6vmfm6pg5n506ztjbp9q,11,0x0000000001010000004D1DF99F18335C4094DEE849B3211DC0,59,15,"{""alt"": 59, ""lat"": -7.282910494650119, ""lng"": 112.79837798431429, ""time"": {""unit"": ""second"", ""value"": 30.47999996214773}, ""distance"": {""unit"": ""meter"", ""value"": 126.9999998422822}}",2023-06-14 03:29:24,2023-06-14 03:29:25
01h2vz6vn3x7mfyy6f2168q79v,01h2vz6vn2at0b089jwxya7fmw,1,0x000000000101000000E3098445B6325C40066D17EA91231DC0,53,15,"{""alt"": 53, ""lat"": -7.284736306838802, ""lng"": 112.79237497229336, ""time"": {""unit"": ""second"", ""value"": 0}, ""distance"": {""unit"": ""meter"", ""value"": 0}}",2023-06-14 03:29:24,2023-06-14 03:29:25
01h2vz6vn5tb2m1wcxk1y0ng7c,01h2vz6vn2at0b089jwxya7fmw,2,0x000000000101000000255AC70EC3325C40F465D7C766231DC0,52,15,"{""alt"": 52, ""lat"": -7.284571764489994, ""lng"": 112.79315537899122, ""time"": {""unit"": ""second"", ""value"": 21.11999996862163}, ""distance"": {""unit"": ""meter"", ""value"": 87.99999986925681}}",2023-06-14 03:29:24,2023-06-14 03:29:25
01h2vz6vn6vydsw67etmbenb2n,01h2vz6vn2at0b089jwxya7fmw,3,0x000000000101000000C4F9771CD7325C403738C0078E251DC0,58,15,"{""alt"": 58, ""lat"": -7.286674615008517, ""lng"": 112.79437934605116, ""time"": {""unit"": ""second"", ""value"": 64.80000000031731}, ""distance"": {""unit"": ""meter"", ""value"": 270.0000000013221}}",2023-06-14 03:29:24,2023-06-14 03:29:25
01h2vz6vn7tgar46b532z6pjtg,01h2vz6vn2at0b089jwxya7fmw,4,0x000000000101000000B7E6A056C5325C40984C46018C261DC0,53,15,"{""alt"": 53, ""lat"": -7.2876434516103314, ""lng"": 112.79329457962592, ""time"": {""unit"": ""second"", ""value"": 38.639999896109735}, ""distance"": {""unit"": ""meter"", ""value"": 160.99999956712392}}",2023-06-14 03:29:24,2023-06-14 03:29:25
01h2vz6vn7tgar46b532z6pjth,01h2vz6vn2at0b089jwxya7fmw,5,0x000000000101000000AD6C6B80BC325C40FD8F94A61E251DC0,54,15,"{""alt"": 54, ""lat"": -7.28624973565816, ""lng"": 112.79275522699731, ""time"": {""unit"": ""second"", ""value"": 39.84000001208247}, ""distance"": {""unit"": ""meter"", ""value"": 166.00000005034363}}",2023-06-14 03:29:24,2023-06-14 03:29:25
01h2vz6vn86gev0yxr42e6gana,01h2vz6vn2at0b089jwxya7fmw,6,0x000000000101000000EDBBA7F6C4325C4053FE215723251DC0,57,15,"{""alt"": 57, ""lat"": -7.2862676252839504, ""lng"": 112.7932716978082, ""time"": {""unit"": ""second"", ""value"": 13.67999997691141}, ""distance"": {""unit"": ""meter"", ""value"": 56.999999903797544}}",2023-06-14 03:29:24,2023-06-14 03:29:25
01h2vz6vn98xv3bf4bg32axcp3,01h2vz6vn2at0b089jwxya7fmw,7,0x0000000001010000007E8D46E9C7325C40B581620414261DC0,55,15,"{""alt"": 55, ""lat"": -7.28718573428377, ""lng"": 112.79345161333352, ""time"": {""unit"": ""second"", ""value"": 24.95999997264559}, ""distance"": {""unit"": ""meter"", ""value"": 103.9999998860233}}",2023-06-14 03:29:24,2023-06-14 03:29:25
01h2vz6vnannt9wa259jx49v52,01h2vz6vn2at0b089jwxya7fmw,8,0x0000000001010000006E4E7475AE325C40672A805B37261DC0,50,15,"{""alt"": 50, ""lat"": -7.287320546815525, ""lng"": 112.79189812047689, ""time"": {""unit"": ""second"", ""value"": 41.27999982507663}, ""distance"": {""unit"": ""meter"", ""value"": 171.99999927115263}}",2023-06-14 03:29:24,2023-06-14 03:29:25
01h2vz6vnbbw923g22h5ybgty6,01h2vz6vn2at0b089jwxya7fmw,9,0x000000000101000000EA368873B7325C40F219103EAF241DC0,60,15,"{""alt"": 60, ""lat"": -7.285824746830679, ""lng"": 112.79244697859082, ""time"": {""unit"": ""second"", ""value"": 42.47999996318925}, ""distance"": {""unit"": ""meter"", ""value"": 176.99999984662188}}",2023-06-14 03:29:24,2023-06-14 03:29:25
01h2vz6vnf0g0behr17ddbqjrq,01h2vz6vnejhwx862p1cgdngmp,1,0x0000000001010000009D469A8795325C40B9E7994F9A1E1DC0,52,15,"{""alt"": 52, ""lat"": -7.279885524529056, ""lng"": 112.79037656847024, ""time"": {""unit"": ""second"", ""value"": 0}, ""distance"": {""unit"": ""meter"", ""value"": 0}}",2023-06-14 03:29:24,2023-06-14 03:29:25
01h2vz6vnhqf78zgv2s69vhey8,01h2vz6vnejhwx862p1cgdngmp,2,0x000000000101000000088EEF3582325C405FCC220DF81E1DC0,54,15,"{""alt"": 54, ""lat"": -7.280243115662489, ""lng"": 112.78919742960296, ""time"": {""unit"": ""second"", ""value"": 32.64000007479667}, ""distance"": {""unit"": ""meter"", ""value"": 136.0000003116528}}",2023-06-14 03:29:24,2023-06-14 03:29:25
01h2vz6vnhqf78zgv2s69vhey9,01h2vz6vnejhwx862p1cgdngmp,3,0x000000000101000000105408D571325C40086569B7481E1DC0,53,15,"{""alt"": 53, ""lat"": -7.279574266250382, ""lng"": 112.7881977635654, ""time"": {""unit"": ""second"", ""value"": 31.919999834367346}, ""distance"": {""unit"": ""meter"", ""value"": 132.99999930986394}}",2023-06-14 03:29:24,2023-06-14 03:29:25
01h2vz6vnjjk0qsfgvx6b03bwr,01h2vz6vnejhwx862p1cgdngmp,4,0x0000000001010000003999C6454B325C40E567201C8E1F1DC0,50,15,"{""alt"": 50, ""lat"": -7.280815543630509, ""lng"": 112.78584427256187, ""time"": {""unit"": ""second"", ""value"": 70.56000015114527}, ""distance"": {""unit"": ""meter"", ""value"": 294.000000629772}}",2023-06-14 03:29:24,2023-06-14 03:29:25
01h2vz6vnktb8t6939xp1sp085,01h2vz6vnejhwx862p1cgdngmp,5,0x000000000101000000ADF03BB644325C401A8B43FE511F1DC0,57,15,"{""alt"": 57, ""lat"": -7.280586216805048, ""lng"": 112.78544383863054, ""time"": {""unit"": ""second"", ""value"": 12.239999969297749}, ""distance"": {""unit"": ""meter"", ""value"": 50.99999987207396}}",2023-06-14 03:29:24,2023-06-14 03:29:25
01h2vz6vnmwwccnfxfpwqz180s,01h2vz6vnejhwx862p1cgdngmp,6,0x0000000001010000004E1B150530325C40093700659A201DC0,55,15,"{""alt"": 55, ""lat"": -7.2818389684087315, ""lng"": 112.78418089925226, ""time"": {""unit"": ""second"", ""value"": 47.280000032410534}, ""distance"": {""unit"": ""meter"", ""value"": 197.0000001350439}}",2023-06-14 03:29:24,2023-06-14 03:29:25
01h2vz6vnnc8t0h959w5nkern3,01h2vz6vnejhwx862p1cgdngmp,7,0x000000000101000000F1C43D5D34325C4056D25CB79B211DC0,54,15,"{""alt"": 54, ""lat"": -7.282820572891631, ""lng"": 112.7844460585751, ""time"": {""unit"": ""second"", ""value"": 27.12000004898455}, ""distance"": {""unit"": ""meter"", ""value"": 113.00000020410232}}",2023-06-14 03:29:24,2023-06-14 03:29:25
01h2vz6vnsq4aaym0xwvakqqhh,01h2vz6vnr1s6vcx5v5sg3v4b3,1,0x0000000001010000009C169168FF325C40232F38211F1D1DC0,57,15,"{""alt"": 57, ""lat"": -7.278439063123905, ""lng"": 112.79683889549852, ""time"": {""unit"": ""second"", ""value"": 0}, ""distance"": {""unit"": ""meter"", ""value"": 0}}",2023-06-14 03:29:24,2023-06-14 03:29:25
01h2vz6vnvr8ssknzecxf01vpe,01h2vz6vnr1s6vcx5v5sg3v4b3,2,0x00000000010100000017E505E30A335C404B674B68F81C1DC0,53,15,"{""alt"": 53, ""lat"": -7.278291349031705, ""lng"": 112.79753947806722, ""time"": {""unit"": ""second"", ""value"": 18.96000007146988}, ""distance"": {""unit"": ""meter"", ""value"": 79.00000029779116}}",2023-06-14 03:29:24,2023-06-14 03:29:25
01h2vz6vnwc9bpyegrdm104srn,01h2vz6vnr1s6vcx5v5sg3v4b3,3,0x0000000001010000009952933A0E335C408A35C024CD1D1DC0,57,15,"{""alt"": 57, ""lat"": -7.279102873069313, ""lng"": 112.7977434576749, ""time"": {""unit"": ""second"", ""value"": 22.31999995071492}, ""distance"": {""unit"": ""meter"", ""value"": 92.9999997946455}}",2023-06-14 03:29:24,2023-06-14 03:29:25
01h2vz6vnwc9bpyegrdm104srp,01h2vz6vnr1s6vcx5v5sg3v4b3,4,0x000000000101000000A33C7980FD325C4053723831951E1DC0,50,15,"{""alt"": 50, ""lat"": -7.279865998335138, ""lng"": 112.79672252502056, ""time"": {""unit"": ""second"", ""value"": 33.839999907935166}, ""distance"": {""unit"": ""meter"", ""value"": 140.99999961639654}}",2023-06-14 03:29:24,2023-06-14 03:29:25
01h2vz6vnxfng9pcqb4zrb085y,01h2vz6vnr1s6vcx5v5sg3v4b3,5,0x00000000010100000002BBB632D8325C40F69D93ECB11D1DC0,51,15,"{""alt"": 51, ""lat"": -7.278999039182525, ""lng"": 112.79444568485594, ""time"": {""unit"": ""second"", ""value"": 64.559999886381}, ""distance"": {""unit"": ""meter"", ""value"": 268.9999995265875}}",2023-06-14 03:29:24,2023-06-14 03:29:25
01h2vz6vnyd664w2qxva2qh087,01h2vz6vnr1s6vcx5v5sg3v4b3,6,0x000000000101000000891BEDE2CE325C40C214F5EDE01E1DC0,60,15,"{""alt"": 60, ""lat"": -7.280154913028271, ""lng"": 112.793877345613, ""time"": {""unit"": ""second"", ""value"": 34.32000008271409}, ""distance"": {""unit"": ""meter"", ""value"": 143.00000034464205}}",2023-06-14 03:29:24,2023-06-14 03:29:25
01h2vz6vnz3gfpc62sas25fem9,01h2vz6vnr1s6vcx5v5sg3v4b3,7,0x000000000101000000A5E6CD59D9325C4056C84738551F1DC0,51,15,"{""alt"": 51, ""lat"": -7.280598525410887, ""lng"": 112.79451603992094, ""time"": {""unit"": ""second"", ""value"": 20.640000044537604}, ""distance"": {""unit"": ""meter"", ""value"": 86.00000018557336}}",2023-06-14 03:29:24,2023-06-14 03:29:25
01h2vz6vp01427yf3vehf9we5b,01h2vz6vnr1s6vcx5v5sg3v4b3,8,0x0000000001010000003E6269B7B7325C40A28494C7A2201DC0,57,15,"{""alt"": 57, ""lat"": -7.281870954933032, ""lng"": 112.79246316233844, ""time"": {""unit"": ""second"", ""value"": 64.07999994357509}, ""distance"": {""unit"": ""meter"", ""value"": 266.99999976489624}}",2023-06-14 03:29:24,2023-06-14 03:29:25
01h2vz6vp452z0yx7ntgzj18nj,01h2vz6vp3y71es5yz0fw2kk9c,1,0x000000000101000000145DD01DCE325C408C8EA571171C1DC0,54,15,"{""alt"": 54, ""lat"": -7.27743318150502, ""lng"": 112.79383035037934, ""time"": {""unit"": ""second"", ""value"": 0}, ""distance"": {""unit"": ""meter"", ""value"": 0}}",2023-06-14 03:29:24,2023-06-14 03:29:26
01h2vz6vp6ptwd98hvkrx83r8k,01h2vz6vp3y71es5yz0fw2kk9c,2,0x000000000101000000F1624B70E0325C403C0149029C1B1DC0,54,15,"{""alt"": 54, ""lat"": -7.276962314325211, ""lng"": 112.79494864809044, ""time"": {""unit"": ""second"", ""value"": 32.159999989261514}, ""distance"": {""unit"": ""meter"", ""value"": 133.99999995525633}}",2023-06-14 03:29:24,2023-06-14 03:29:26
01h2vz6vp6ptwd98hvkrx83r8m,01h2vz6vp3y71es5yz0fw2kk9c,3,0x00000000010100000052923365D7325C40B9E4112CFB191DC0,59,15,"{""alt"": 59, ""lat"": -7.275372208206263, ""lng"": 112.79439668690348, ""time"": {""unit"": ""second"", ""value"": 44.88000002496309}, ""distance"": {""unit"": ""meter"", ""value"": 187.00000010401288}}",2023-06-14 03:29:24,2023-06-14 03:29:26
01h2vz6vp7ze4r0rkj6pcdfxp6,01h2vz6vp3y71es5yz0fw2kk9c,4,0x000000000101000000CEA9FBF7B5325C4017A1EBD7B11A1DC0,50,15,"{""alt"": 50, ""lat"": -7.276069043881089, ""lng"": 112.79235648704756, ""time"": {""unit"": ""second"", ""value"": 57.11999985227049}, ""distance"": {""unit"": ""meter"", ""value"": 237.9999993844604}}",2023-06-14 03:29:24,2023-06-14 03:29:26
01h2vz6vp8hx098a12h71kg2dp,01h2vz6vp3y71es5yz0fw2kk9c,5,0x00000000010100000044A6ED38B5325C4062BEC7DA931B1DC0,53,15,"{""alt"": 53, ""lat"": -7.276931208077786, ""lng"": 112.792310936047, ""time"": {""unit"": ""second"", ""value"": 23.039999999227863}, ""distance"": {""unit"": ""meter"", ""value"": 95.99999999678278}}",2023-06-14 03:29:24,2023-06-14 03:29:26
01h2vz6vp9rabc2ekav6nf9qcx,01h2vz6vp3y71es5yz0fw2kk9c,6,0x0000000001010000009AFA5AD199325C4051EFB94F1F1B1DC0,58,15,"{""alt"": 58, ""lat"": -7.276486631129821, ""lng"": 112.79063829311532, ""time"": {""unit"": ""second"", ""value"": 45.839999957690345}, ""distance"": {""unit"": ""meter"", ""value"": 190.9999998237098}}",2023-06-14 03:29:24,2023-06-14 03:29:26
01h2vz6vpa0s07rkxs9x5fkydq,01h2vz6vp3y71es5yz0fw2kk9c,7,0x00000000010100000058C294C7A8325C40824E9469291A1DC0,55,15,"{""alt"": 55, ""lat"": -7.275548600842446, ""lng"": 112.79155149008544, ""time"": {""unit"": ""second"", ""value"": 34.799999997839485}, ""distance"": {""unit"": ""meter"", ""value"": 144.99999999099788}}",2023-06-14 03:29:24,2023-06-14 03:29:26
01h2vz6vpa0s07rkxs9x5fkydr,01h2vz6vp3y71es5yz0fw2kk9c,8,0x00000000010100000077898958B7325C40C1651A22EF1B1DC0,58,15,"{""alt"": 58, ""lat"": -7.277279408322537, ""lng"": 112.79244054252403, ""time"": {""unit"": ""second"", ""value"": 51.83999989689889}, ""distance"": {""unit"": ""meter"", ""value"": 215.9999995704121}}",2023-06-14 03:29:24,2023-06-14 03:29:26
01h2vz6vpxf97d7nceg99t8yxb,01h2vz6vpwkbzderf2zz0qgy86,1,0x000000000101000000A2A8E2838F325C40436E1AB4711D1DC0,53,15,"{""alt"": 53, ""lat"": -7.278754057038547, ""lng"": 112.790009471266, ""time"": {""unit"": ""second"", ""value"": 0}, ""distance"": {""unit"": ""meter"", ""value"": 0}}",2023-06-14 03:29:24,2023-06-14 03:29:26
01h2vz6vpypsjr308a18kzxj0m,01h2vz6vpwkbzderf2zz0qgy86,2,0x00000000010100000037B610356D325C406FF5AB32681D1DC0,60,15,"{""alt"": 60, ""lat"": -7.278717796083015, ""lng"": 112.7879154837754, ""time"": {""unit"": ""second"", ""value"": 55.43999987829886}, ""distance"": {""unit"": ""meter"", ""value"": 230.9999994929119}}",2023-06-14 03:29:24,2023-06-14 03:29:26
01h2vz6vpzaqk279kq53c88pea,01h2vz6vpwkbzderf2zz0qgy86,3,0x000000000101000000827D03FC76325C40D56F74C5451F1DC0,51,15,"{""alt"": 51, ""lat"": -7.280539593917583, ""lng"": 112.78851223316776, ""time"": {""unit"": ""second"", ""value"": 51.11999998145628}, ""distance"": {""unit"": ""meter"", ""value"": 212.99999992273453}}",2023-06-14 03:29:24,2023-06-14 03:29:26
01h2vz6vq0n6kz9d26924kqy4k,01h2vz6vpwkbzderf2zz0qgy86,4,0x000000000101000000D263495662325C408F8156C5451F1DC0,60,15,"{""alt"": 60, ""lat"": -7.280539592175402, ""lng"": 112.7872520176639, ""time"": {""unit"": ""second"", ""value"": 33.3600001614889}, ""distance"": {""unit"": ""meter"", ""value"": 139.0000006728704}}",2023-06-14 03:29:24,2023-06-14 03:29:26
01h2vz6vq114cffj6ypfcx01ad,01h2vz6vpwkbzderf2zz0qgy86,5,0x000000000101000000DC52517469325C40BAC18B7D5C1D1DC0,58,15,"{""alt"": 58, ""lat"": -7.27867313542849, ""lng"": 112.787686423696, ""time"": {""unit"": ""second"", ""value"": 51.12000004675805}, ""distance"": {""unit"": ""meter"", ""value"": 213.0000001948252}}",2023-06-14 03:29:24,2023-06-14 03:29:26
01h2vz6vq114cffj6ypfcx01ae,01h2vz6vpwkbzderf2zz0qgy86,6,0x00000000010100000097DAED6679325C40DF3A14A6BD1D1DC0,52,15,"{""alt"": 52, ""lat"": -7.279043765053522, ""lng"": 112.78865979412367, ""time"": {""unit"": ""second"", ""value"": 27.59999980972137}, ""distance"": {""unit"": ""meter"", ""value"": 114.9999992071724}}",2023-06-14 03:29:24,2023-06-14 03:29:26
01h2vz6vq2kp0h06f1w7defwyc,01h2vz6vpwkbzderf2zz0qgy86,7,0x000000000101000000F96755D891325C40E2CE7D52EF1B1DC0,57,15,"{""alt"": 57, ""lat"": -7.27728012936473, ""lng"": 112.79015167560908, ""time"": {""unit"": ""second"", ""value"": 61.44000007902559}, ""distance"": {""unit"": ""meter"", ""value"": 256.0000003292733}}",2023-06-14 03:29:24,2023-06-14 03:29:26
01h2vz6vq3vkj0snt8af64ybzm,01h2vz6vpwkbzderf2zz0qgy86,8,0x0000000001010000006D6A15929A325C401873E2410B1D1DC0,50,15,"{""alt"": 50, ""lat"": -7.27836325592647, ""lng"": 112.79068424312209, ""time"": {""unit"": ""second"", ""value"": 32.15999996637798}, ""distance"": {""unit"": ""meter"", ""value"": 133.99999985990826}}",2023-06-14 03:29:24,2023-06-14 03:29:26
01h2vz6vq4cm4dc7p47pmbwkkb,01h2vz6vpwkbzderf2zz0qgy86,9,0x000000000101000000E16BAABDB5325C406EFBFE98AF1C1DC0,57,15,"{""alt"": 57, ""lat"": -7.278013601839876, ""lng"": 112.79234258310892, ""time"": {""unit"": ""second"", ""value"": 44.88000008172949}, ""distance"": {""unit"": ""meter"", ""value"": 187.00000034053957}}",2023-06-14 03:29:24,2023-06-14 03:29:26
01h2vz6vq8a72j52xzqgfn0k80,01h2vz6vq70ra5kt9eqg3tfrtf,1,0x0000000001010000004AAF8E62DF325C4073C293385F1D1DC0,60,15,"{""alt"": 60, ""lat"": -7.278683551805962, ""lng"": 112.79488433774516, ""time"": {""unit"": ""second"", ""value"": 0}, ""distance"": {""unit"": ""meter"", ""value"": 0}}",2023-06-14 03:29:24,2023-06-14 03:29:26
01h2vz6vqa4vvw2zh6s45hddpf,01h2vz6vq70ra5kt9eqg3tfrtf,2,0x000000000101000000AAA4B36BC1325C408A63F64B461D1DC0,59,15,"{""alt"": 59, ""lat"": -7.27858847323741, ""lng"": 112.79305546325013, ""time"": {""unit"": ""second"", ""value"": 48.480000003615714}, ""distance"": {""unit"": ""meter"", ""value"": 202.0000000150655}}",2023-06-14 03:29:24,2023-06-14 03:29:26
01h2vz6vqbpxxsf8fqv1k0q5r0,01h2vz6vq70ra5kt9eqg3tfrtf,3,0x00000000010100000031AB9247BC325C408F71DBC0AD1A1DC0,59,15,"{""alt"": 59, ""lat"": -7.276053441423173, ""lng"": 112.79274167369302, ""time"": {""unit"": ""second"", ""value"": 68.16000000831112}, ""distance"": {""unit"": ""meter"", ""value"": 284.0000000346297}}",2023-06-14 03:29:24,2023-06-14 03:29:26
01h2vz6vqcwetz3cvqmmn01gv1,01h2vz6vq70ra5kt9eqg3tfrtf,4,0x000000000101000000FEFD9BDD9C325C40E59874E38A1A1DC0,50,15,"{""alt"": 50, ""lat"": -7.275920442573107, ""lng"": 112.79082432016423, ""time"": {""unit"": ""second"", ""value"": 50.880000033124}, ""distance"": {""unit"": ""meter"", ""value"": 212.00000013801667}}",2023-06-14 03:29:24,2023-06-14 03:29:26
01h2vz6vqcwetz3cvqmmn01gv2,01h2vz6vq70ra5kt9eqg3tfrtf,5,0x00000000010100000067C286BB95325C40AAEA1AD0B11B1DC0,59,15,"{""alt"": 59, ""lat"": -7.2770454899242765, ""lng"": 112.79038894806358, ""time"": {""unit"": ""second"", ""value"": 32.15999999427149}, ""distance"": {""unit"": ""meter"", ""value"": 133.99999997613122}}",2023-06-14 03:29:24,2023-06-14 03:29:26
01h2vz6vqdh71crfkz1abn9v2a,01h2vz6vq70ra5kt9eqg3tfrtf,6,0x0000000001010000000F14B94AAE325C402B10C494211C1DC0,59,15,"{""alt"": 59, ""lat"": -7.277471851793985, ""lng"": 112.79188793252796, ""time"": {""unit"": ""second"", ""value"": 41.28000014366992}, ""distance"": {""unit"": ""meter"", ""value"": 172.0000005986247}}",2023-06-14 03:29:24,2023-06-14 03:29:26
01h2vz6vqevae99f5t3n3jcwjf,01h2vz6vq70ra5kt9eqg3tfrtf,7,0x000000000101000000487D393AB5325C406680D810DB1D1DC0,53,15,"{""alt"": 53, ""lat"": -7.279155982221833, ""lng"": 112.7923112450972, ""time"": {""unit"": ""second"", ""value"": 46.32000000356658}, ""distance"": {""unit"": ""meter"", ""value"": 193.00000001486077}}",2023-06-14 03:29:24,2023-06-14 03:29:26
01h2vz6vqf1n3yxkhpbbvxk1fz,01h2vz6vq70ra5kt9eqg3tfrtf,8,0x0000000001010000000FAF916DA1325C4032ABDBBDE21E1DC0,50,15,"{""alt"": 50, ""lat"": -7.280161825687861, ""lng"": 112.7911027834634, ""time"": {""unit"": ""second"", ""value"": 41.76000012666147}, ""distance"": {""unit"": ""meter"", ""value"": 174.00000052775613}}",2023-06-14 03:29:24,2023-06-14 03:29:26
01h2vz6vqgwb30g881mxkpe4dt,01h2vz6vq70ra5kt9eqg3tfrtf,9,0x000000000101000000120A31B8A8325C40CC25DDA5711F1DC0,60,15,"{""alt"": 60, ""lat"": -7.280706969855122, ""lng"": 112.7915478209422, ""time"": {""unit"": ""second"", ""value"": 18.72000001818378}, ""distance"": {""unit"": ""meter"", ""value"": 78.00000007576575}}",2023-06-14 03:29:24,2023-06-14 03:29:26
01h2vz6vqhs3jz0q80vdc1fnbr,01h2vz6vq70ra5kt9eqg3tfrtf,10,0x00000000010100000020BF91C388325C40F6AB28E3FD201DC0,54,15,"{""alt"": 54, ""lat"": -7.282218503339222, ""lng"": 112.78959740860606, ""time"": {""unit"": ""second"", ""value"": 65.51999987108894}, ""distance"": {""unit"": ""meter"", ""value"": 272.9999994628706}}",2023-06-14 03:29:24,2023-06-14 03:29:26
01h2vz6vqhs3jz0q80vdc1fnbs,01h2vz6vq70ra5kt9eqg3tfrtf,11,0x000000000101000000062BE0F36A325C40C6870698B21F1DC0,52,15,"{""alt"": 52, ""lat"": -7.280954718969871, ""lng"": 112.78777787105118, ""time"": {""unit"": ""second"", ""value"": 58.800000110320845}, ""distance"": {""unit"": ""meter"", ""value"": 245.0000004596702}}",2023-06-14 03:29:24,2023-06-14 03:29:26
01h2vz6vqppavdfr3xxfct5cjw,01h2vz6vqnv088zgn3dmmyj8kf,1,0x0000000001010000006BA3409CDA325C404C3F34A554231DC0,53,15,"{""alt"": 53, ""lat"": -7.2845025838031106, ""lng"": 112.79459291756316, ""time"": {""unit"": ""second"", ""value"": 0}, ""distance"": {""unit"": ""meter"", ""value"": 0}}",2023-06-14 03:29:24,2023-06-14 03:29:26
01h2vz6vqqkxb1bt02ypm913nn,01h2vz6vqnv088zgn3dmmyj8kf,2,0x00000000010100000019508079FD325C400ED705CD8E231DC0,59,15,"{""alt"": 59, ""lat"": -7.284724429589708, ""lng"": 112.79672086268204, ""time"": {""unit"": ""second"", ""value"": 56.639999946884195}, ""distance"": {""unit"": ""meter"", ""value"": 235.99999977868416}}",2023-06-14 03:29:24,2023-06-14 03:29:26
01h2vz6vqr8pxf3nq5p1bercag,01h2vz6vqnv088zgn3dmmyj8kf,3,0x0000000001010000002618F18DF7325C40463DBE266C241DC0,54,15,"{""alt"": 54, ""lat"": -7.28556881462216, ""lng"": 112.79635952515054, ""time"": {""unit"": ""second"", ""value"": 24.47999998569843}, ""distance"": {""unit"": ""meter"", ""value"": 101.99999994041012}}",2023-06-14 03:29:24,2023-06-14 03:29:26
01h2vz6vqxwf323fgwg5z09a8j,01h2vz6vqw98bbwzny8x9g66k1,1,0x000000000101000000B4E0C3B9AE325C401B95D004A7201DC0,54,15,"{""alt"": 54, ""lat"": -7.281887126189052, ""lng"": 112.79191440705024, ""time"": {""unit"": ""second"", ""value"": 0}, ""distance"": {""unit"": ""meter"", ""value"": 0}}",2023-06-14 03:29:24,2023-06-14 03:29:26
01h2vz6vqy7n54mdn3wj7b9ytm,01h2vz6vqw98bbwzny8x9g66k1,2,0x0000000001010000001683A1FFC2325C40AD06FA2AC3201DC0,58,15,"{""alt"": 58, ""lat"": -7.28199450636895, ""lng"": 112.79315176747085, ""time"": {""unit"": ""second"", ""value"": 32.879999977534645}, ""distance"": {""unit"": ""meter"", ""value"": 136.99999990639435}}",2023-06-14 03:29:24,2023-06-14 03:29:26
01h2vz6vqzt233xm6z5qhv0d1s,01h2vz6vqw98bbwzny8x9g66k1,3,0x0000000001010000009AAE3878B5325C40C29895FD56221DC0,50,15,"{""alt"": 50, ""lat"": -7.283534967666317, ""lng"": 112.79232602629736, ""time"": {""unit"": ""second"", ""value"": 46.55999995499768}, ""distance"": {""unit"": ""meter"", ""value"": 193.99999981249033}}",2023-06-14 03:29:24,2023-06-14 03:29:26
01h2vz6vr0j4cgd557r17pvyte,01h2vz6vqw98bbwzny8x9g66k1,4,0x000000000101000000A9D4C73EAD325C40AE56FEC5A9211DC0,57,15,"{""alt"": 57, ""lat"": -7.282874196671065, ""lng"": 112.79182405009188, ""time"": {""unit"": ""second"", ""value"": 22.080000070846992}, ""distance"": {""unit"": ""meter"", ""value"": 92.0000002951958}}",2023-06-14 03:29:24,2023-06-14 03:29:26
01h2vz6vr1q8k5k0q0z6np5g4h,01h2vz6vqw98bbwzny8x9g66k1,5,0x000000000101000000D4C656C3B0325C40C320A428F3201DC0,60,15,"{""alt"": 60, ""lat"": -7.282177577035507, ""lng"": 112.79203875993926, ""time"": {""unit"": ""second"", ""value"": 19.44000002143991}, ""distance"": {""unit"": ""meter"", ""value"": 81.00000008933297}}",2023-06-14 03:29:24,2023-06-14 03:29:26
01h2vz6vr1q8k5k0q0z6np5g4j,01h2vz6vqw98bbwzny8x9g66k1,6,0x000000000101000000F95473D490325C40C4CED1A490201DC0,51,15,"{""alt"": 51, ""lat"": -7.281801772409095, ""lng"": 112.79008971464592, ""time"": {""unit"": ""second"", ""value"": 52.55999991298807}, ""distance"": {""unit"": ""meter"", ""value"": 218.9999996374503}}",2023-06-14 03:29:24,2023-06-14 03:29:26
01h2vz6vr6a7r8wdq7f4q0vgpx,01h2vz6vr5ggndg6t08mg5scs7,1,0x00000000010100000011F2ED7704335C40FD84A5F1501E1DC0,55,15,"{""alt"": 55, ""lat"": -7.279605651595649, ""lng"": 112.79714773404343, ""time"": {""unit"": ""second"", ""value"": 0}, ""distance"": {""unit"": ""meter"", ""value"": 0}}",2023-06-14 03:29:24,2023-06-14 03:29:27
01h2vz6vr73pvdwwngmmj663ky,01h2vz6vr5ggndg6t08mg5scs7,2,0x000000000101000000CB4D4503E8325C40DA87200E371F1DC0,59,15,"{""alt"": 59, ""lat"": -7.280483456359422, ""lng"": 112.79541093605091, ""time"": {""unit"": ""second"", ""value"": 51.600000021258566}, ""distance"": {""unit"": ""meter"", ""value"": 215.00000008857737}}",2023-06-14 03:29:24,2023-06-14 03:29:27
01h2vz6vr8770m7rb64ynvgbpd,01h2vz6vr5ggndg6t08mg5scs7,3,0x00000000010100000028F3A38CFB325C40C2AD901E6D201DC0,59,15,"{""alt"": 59, ""lat"": -7.281666257458224, ""lng"": 112.79660335551225, ""time"": {""unit"": ""second"", ""value"": 44.639999974949184}, ""distance"": {""unit"": ""meter"", ""value"": 185.9999998956216}}",2023-06-14 03:29:24,2023-06-14 03:29:27
01h2vz6vr9j6qt943eap4v9918,01h2vz6vr5ggndg6t08mg5scs7,4,0x0000000001010000002EB5D8BDF7325C40F213F6DF3F211DC0,58,15,"{""alt"": 58, ""lat"": -7.282470225710293, ""lng"": 112.7963709465286, ""time"": {""unit"": ""second"", ""value"": 22.319999974000375}, ""distance"": {""unit"": ""meter"", ""value"": 92.99999989166824}}",2023-06-14 03:29:24,2023-06-14 03:29:27
01h2vz6vraaxcy8rz4vmme48vp,01h2vz6vr5ggndg6t08mg5scs7,5,0x000000000101000000783D0DADDC325C408A897D0BA3211DC0,59,15,"{""alt"": 59, ""lat"": -7.28284852937428, ""lng"": 112.7947189931228, ""time"": {""unit"": ""second"", ""value"": 44.88000010858205}, ""distance"": {""unit"": ""meter"", ""value"": 187.00000045242524}}",2023-06-14 03:29:24,2023-06-14 03:29:27
01h2vz6vraaxcy8rz4vmme48vq,01h2vz6vr5ggndg6t08mg5scs7,6,0x000000000101000000F9F9ED02E0325C404B61AE179C221DC0,57,15,"{""alt"": 57, ""lat"": -7.28379857065041, ""lng"": 112.7949225734652, ""time"": {""unit"": ""second"", ""value"": 25.92000004116484}, ""distance"": {""unit"": ""meter"", ""value"": 108.00000017152016}}",2023-06-14 03:29:24,2023-06-14 03:29:27
01h2vz6vrbg8rtp4gmexe51r52,01h2vz6vr5ggndg6t08mg5scs7,7,0x0000000001010000007FFCD17505335C40F0724111E5221DC0,55,15,"{""alt"": 55, ""lat"": -7.284076947803166, ""lng"": 112.79720826632078, ""time"": {""unit"": ""second"", ""value"": 60.95999985325689}, ""distance"": {""unit"": ""meter"", ""value"": 253.9999993885704}}",2023-06-14 03:29:24,2023-06-14 03:29:27
01h2vz6vrc9ywgte7hc6zh1gs6,01h2vz6vr5ggndg6t08mg5scs7,8,0x00000000010100000080C9660A09335C40196F15F493231DC0,56,15,"{""alt"": 56, ""lat"": -7.2847440851289775, ""lng"": 112.79742679631664, ""time"": {""unit"": ""second"", ""value"": 18.720000033511752}, ""distance"": {""unit"": ""meter"", ""value"": 78.0000001396323}}",2023-06-14 03:29:24,2023-06-14 03:29:27
01h2vz6vrzzaracd2xsxh2xhc5,01h2vz6vrym4am2stbg9nb1y52,1,0x000000000101000000B05D3121D5325C407C15C3A3F3211DC0,57,15,"{""alt"": 57, ""lat"": -7.283155974180152, ""lng"": 112.7942584020721, ""time"": {""unit"": ""second"", ""value"": 0}, ""distance"": {""unit"": ""meter"", ""value"": 0}}",2023-06-14 03:29:24,2023-06-14 03:29:27
01h2vz6vs0r4zjq25vn54sh0b4,01h2vz6vrym4am2stbg9nb1y52,2,0x0000000001010000003D41B361EF325C401078DB5A31211DC0,53,15,"{""alt"": 53, ""lat"": -7.282414836545252, ""lng"": 112.7958606958878, ""time"": {""unit"": ""second"", ""value"": 46.800000052056255}, ""distance"": {""unit"": ""meter"", ""value"": 195.00000021690107}}",2023-06-14 03:29:24,2023-06-14 03:29:27
01h2vz6vs1dy1wh8kzrh80qkh9,01h2vz6vrym4am2stbg9nb1y52,3,0x000000000101000000AC5B73B3F3325C40A5A7B9FC96211DC0,50,15,"{""alt"": 50, ""lat"": -7.282802532989036, ""lng"": 112.79612432732954, ""time"": {""unit"": ""second"", ""value"": 12.479999973079002}, ""distance"": {""unit"": ""meter"", ""value"": 51.999999887829176}}",2023-06-14 03:29:24,2023-06-14 03:29:27
01h2vz6vs5qp98we63r64mag35,01h2vz6vs4egf8bqxmbpngka5a,1,0x000000000101000000711E8AB42A335C40043B6497781F1DC0,60,15,"{""alt"": 60, ""lat"": -7.2807334570814, ""lng"": 112.7994815205374, ""time"": {""unit"": ""second"", ""value"": 0}, ""distance"": {""unit"": ""meter"", ""value"": 0}}",2023-06-14 03:29:24,2023-06-14 03:29:27
01h2vz6vs7r5n1mhqfq2xp073f,01h2vz6vs4egf8bqxmbpngka5a,2,0x000000000101000000C6D855914C335C407E2A91356F1F1DC0,50,15,"{""alt"": 50, ""lat"": -7.280697667107765, ""lng"": 112.80154832251505, ""time"": {""unit"": ""second"", ""value"": 54.7200001314359}, ""distance"": {""unit"": ""meter"", ""value"": 228.0000005476496}}",2023-06-14 03:29:24,2023-06-14 03:29:27
01h2vz6vs8aahg76jzqyxgp9ez,01h2vz6vs4egf8bqxmbpngka5a,3,0x000000000101000000139B07145C335C40B6B87D5652211DC0,53,15,"{""alt"": 53, ""lat"": -7.282540656493643, ""lng"": 112.8024950098278, ""time"": {""unit"": ""second"", ""value"": 55.19999996479391}, ""distance"": {""unit"": ""meter"", ""value"": 229.99999985330797}}",2023-06-14 03:29:24,2023-06-14 03:29:27
01h2vz6vsc41tjwvj3yfyzxyze,01h2vz6vsb8bmxp2931sgpgbep,1,0x0000000001010000002944610027335C406B184E94A61E1DC0,50,15,"{""alt"": 50, ""lat"": -7.279932324663669, ""lng"": 112.79925546168128, ""time"": {""unit"": ""second"", ""value"": 0}, ""distance"": {""unit"": ""meter"", ""value"": 0}}",2023-06-14 03:29:24,2023-06-14 03:29:27
01h2vz6vsdr51f65b42vrp47r3,01h2vz6vsb8bmxp2931sgpgbep,2,0x0000000001010000006FD3826D47335C4057C989CCAC1F1DC0,56,15,"{""alt"": 56, ""lat"": -7.280932613286843, ""lng"": 112.80123460555671, ""time"": {""unit"": ""second"", ""value"": 58.800000076781416}, ""distance"": {""unit"": ""meter"", ""value"": 245.00000031992255}}",2023-06-14 03:29:24,2023-06-14 03:29:27
01h2vz6vsfsgs6yht7v18y9287,01h2vz6vsb8bmxp2931sgpgbep,3,0x000000000101000000959E6D8A44335C40DAD92686B8211DC0,52,15,"{""alt"": 52, ""lat"": -7.282930465813921, ""lng"": 112.80105839447997, ""time"": {""unit"": ""second"", ""value"": 53.520000008079386}, ""distance"": {""unit"": ""meter"", ""value"": 223.00000003366412}}",2023-06-14 03:29:24,2023-06-14 03:29:27
01h2vz6vsn6g3r76apcwc13h9b,01h2vz6vskg1059j523fzkg709,1,0x0000000001010000000B5C996CC9325C40292FB7DCB4191DC0,50,15,"{""alt"": 50, ""lat"": -7.275103996925956, ""lng"": 112.79354395843798, ""time"": {""unit"": ""second"", ""value"": 0}, ""distance"": {""unit"": ""meter"", ""value"": 0}}",2023-06-14 03:29:24,2023-06-14 03:29:27
01h2vz6vspn7sqdqwzvfxya48b,01h2vz6vskg1059j523fzkg709,2,0x0000000001010000009E58DD2AAC325C40E66CA2BC061A1DC0,56,15,"{""alt"": 56, ""lat"": -7.275416324056307, ""lng"": 112.79175826660398, ""time"": {""unit"": ""second"", ""value"": 48.000000103361344}, ""distance"": {""unit"": ""meter"", ""value"": 200.0000004306723}}",2023-06-14 03:29:24,2023-06-14 03:29:27
01h2vz6vsqqv5j3bhc7hsa564d,01h2vz6vskg1059j523fzkg709,3,0x0000000001010000004455DAF0AA325C40869A75834D191DC0,52,15,"{""alt"": 52, ""lat"": -7.274709753087035, ""lng"": 112.79168340036234, ""time"": {""unit"": ""second"", ""value"": 18.959999996153392}, ""distance"": {""unit"": ""meter"", ""value"": 78.99999998397247}}",2023-06-14 03:29:24,2023-06-14 03:29:27
01h2vz6vsvf3n4hr1jxc7n1r9c,01h2vz6vskg1059j523fzkg709,4,0x000000000101000000839A56EF97325C4001FEC7A3D3181DC0,60,15,"{""alt"": 60, ""lat"": -7.274244841653377, ""lng"": 112.79052337129473, ""time"": {""unit"": ""second"", ""value"": 33.12000005763374}, ""distance"": {""unit"": ""meter"", ""value"": 138.0000002401406}}",2023-06-14 03:29:24,2023-06-14 03:29:27
01h2vz6vswe1fw137k6j823aq2,01h2vz6vskg1059j523fzkg709,5,0x0000000001010000006F74F4CD9C325C4023727F15491B1DC0,52,15,"{""alt"": 52, ""lat"": -7.276645980743109, ""lng"": 112.7908205878522, ""time"": {""unit"": ""second"", ""value"": 64.56000000727002}, ""distance"": {""unit"": ""meter"", ""value"": 269.00000003029174}}",2023-06-14 03:29:24,2023-06-14 03:29:27
01h2vz6vsx96s5qxqnxet6bcgr,01h2vz6vskg1059j523fzkg709,6,0x0000000001010000007FAAB4C38B325C405908602D341C1DC0,57,15,"{""alt"": 57, ""lat"": -7.277542790399923, ""lng"": 112.78978054659544, ""time"": {""unit"": ""second"", ""value"": 36.4799998653845}, ""distance"": {""unit"": ""meter"", ""value"": 151.99999943910208}}",2023-06-14 03:29:24,2023-06-14 03:29:27
01h2vz6vsy5kjq2k8zzgvgfxwd,01h2vz6vskg1059j523fzkg709,7,0x000000000101000000B5D4C4D09A325C40E265B71EE31D1DC0,52,15,"{""alt"": 52, ""lat"": -7.279186706489312, ""lng"": 112.79069918843857, ""time"": {""unit"": ""second"", ""value"": 50.159999960649934}, ""distance"": {""unit"": ""meter"", ""value"": 208.9999998360414}}",2023-06-14 03:29:24,2023-06-14 03:29:27
01h2vz6vsy5kjq2k8zzgvgfxwe,01h2vz6vskg1059j523fzkg709,8,0x0000000001010000003AD62EA2B8325C40361AD986D51B1DC0,51,15,"{""alt"": 51, ""lat"": -7.277181727410221, ""lng"": 112.79251913617644, ""time"": {""unit"": ""second"", ""value"": 72.00000003716109}, ""distance"": {""unit"": ""meter"", ""value"": 300.0000001548379}}",2023-06-14 03:29:24,2023-06-14 03:29:27
01h2vz6vszyyrzrhp9zq65gysd,01h2vz6vskg1059j523fzkg709,9,0x0000000001010000002014F9CDAB325C40C2C44B1AC3191DC0,59,15,"{""alt"": 59, ""lat"": -7.275158320307294, ""lng"": 112.79173611949734, ""time"": {""unit"": ""second"", ""value"": 57.84000000777347}, ""distance"": {""unit"": ""meter"", ""value"": 241.0000000323895}}",2023-06-14 03:29:24,2023-06-14 03:29:27
01h2vz6vt0jjbpb9pta67493vm,01h2vz6vskg1059j523fzkg709,10,0x0000000001010000005226EBE4D7325C40799026AAAA191DC0,51,15,"{""alt"": 51, ""lat"": -7.275065096477318, ""lng"": 112.79442713702696, ""time"": {""unit"": ""second"", ""value"": 71.28000000959537}, ""distance"": {""unit"": ""meter"", ""value"": 297.0000000399807}}",2023-06-14 03:29:24,2023-06-14 03:29:27
01h2vz6vt5msg4a4fwpha7k45q,01h2vz6vt44mm82q8072jcc60s,1,0x000000000101000000CDA99CAABE325C40970BE1D2E91A1DC0,58,15,"{""alt"": 58, ""lat"": -7.276282591806138, ""lng"": 112.79288735675178, ""time"": {""unit"": ""second"", ""value"": 0}, ""distance"": {""unit"": ""meter"", ""value"": 0}}",2023-06-14 03:29:24,2023-06-14 03:29:27
01h2vz6vt6byx5mpfkffgbm3q6,01h2vz6vt44mm82q8072jcc60s,2,0x000000000101000000D8D012E9E6325C401C2AE7AA6D1A1DC0,50,15,"{""alt"": 50, ""lat"": -7.275808973654898, ""lng"": 112.79534365498952, ""time"": {""unit"": ""second"", ""value"": 66.24000001250887}, ""distance"": {""unit"": ""meter"", ""value"": 276.0000000521203}}",2023-06-14 03:29:24,2023-06-14 03:29:27
01h2vz6vt762cq1qk5p02azbwh,01h2vz6vt44mm82q8072jcc60s,3,0x000000000101000000196F6F98EC325C402DB61CA9EB171DC0,60,15,"{""alt"": 60, ""lat"": -7.273359911324852, ""lng"": 112.79569064028162, ""time"": {""unit"": ""second"", ""value"": 65.99999999101111}, ""distance"": {""unit"": ""meter"", ""value"": 274.9999999625463}}",2023-06-14 03:29:24,2023-06-14 03:29:27
01h2vz6vt8sz51kc1032bwz0sq,01h2vz6vt44mm82q8072jcc60s,4,0x0000000001010000004EF29F2F14335C401A46CC9DA9171DC0,53,15,"{""alt"": 53, ""lat"": -7.273107972710519, ""lng"": 112.798107057758, ""time"": {""unit"": ""second"", ""value"": 64.32000009617487}, ""distance"": {""unit"": ""meter"", ""value"": 268.00000040072865}}",2023-06-14 03:29:24,2023-06-14 03:29:27
01h2vz6vt9wvaqcntr58yk54y3,01h2vz6vt44mm82q8072jcc60s,5,0x000000000101000000B107670A18335C4053749DE26E161DC0,55,15,"{""alt"": 55, ""lat"": -7.271907368526704, ""lng"": 112.79834232389253, ""time"": {""unit"": ""second"", ""value"": 32.63999997668264}, ""distance"": {""unit"": ""meter"", ""value"": 135.99999990284434}}",2023-06-14 03:29:24,2023-06-14 03:29:27
01h2vz6vtay96b9at51ygtd9fa,01h2vz6vt44mm82q8072jcc60s,6,0x0000000001010000004E41346720335C400DCB12E883161DC0,56,15,"{""alt"": 56, ""lat"": -7.271987558505146, ""lng"": 112.7988527307774, ""time"": {""unit"": ""second"", ""value"": 13.680000133609866}, ""distance"": {""unit"": ""meter"", ""value"": 57.00000055670778}}",2023-06-14 03:29:24,2023-06-14 03:29:27
01h2vz6vtbnxg98zqr260x73bc,01h2vz6vt44mm82q8072jcc60s,7,0x00000000010100000006ED77141B335C40F82FD8FF5F171DC0,55,15,"{""alt"": 55, ""lat"": -7.272827146120062, ""lng"": 112.79852782927831, ""time"": {""unit"": ""second"", ""value"": 24.000000010891043}, ""distance"": {""unit"": ""meter"", ""value"": 100.00000004537937}}",2023-06-14 03:29:24,2023-06-14 03:29:27
01h2vz6vtbnxg98zqr260x73bd,01h2vz6vt44mm82q8072jcc60s,8,0x000000000101000000EFF0393729335C40A7D2CC54A0171DC0,50,15,"{""alt"": 50, ""lat"": -7.273072552682307, ""lng"": 112.7993906083906, ""time"": {""unit"": ""second"", ""value"": 23.75999994101672}, ""distance"": {""unit"": ""meter"", ""value"": 98.99999975423634}}",2023-06-14 03:29:24,2023-06-14 03:29:27
01h2vz6vtcrd50pk5anwddk2qc,01h2vz6vt44mm82q8072jcc60s,9,0x000000000101000000ACBCC34537335C400EF2C0426D161DC0,59,15,"{""alt"": 59, ""lat"": -7.271901171709503, ""lng"": 112.80024856676758, ""time"": {""unit"": ""second"", ""value"": 38.640000047044225}, ""distance"": {""unit"": ""meter"", ""value"": 161.00000019601762}}",2023-06-14 03:29:24,2023-06-14 03:29:27
01h2vz6vtd4r67nnjffysvcnrh,01h2vz6vt44mm82q8072jcc60s,10,0x00000000010100000045D6B5BF22335C40B60CAE38F0151DC0,50,15,"{""alt"": 50, ""lat"": -7.271424184439811, ""lng"": 112.798995902615, ""time"": {""unit"": ""second"", ""value"": 35.52000018340311}, ""distance"": {""unit"": ""meter"", ""value"": 148.00000076417965}}",2023-06-14 03:29:24,2023-06-14 03:29:27
